{
  "config": {
    "lr": 0.00025,
    "gamma": 0.95,
    "batch_size": 32,
    "eps_start": 1.0,
    "eps_end": 0.01,
    "eps_decay": 0.5,
    "policy": "CnnPolicy"
  },
  "mean_reward": 273.5,
  "std_reward": 57.708318291213445,
  "episode_rewards": [
    185.0,
    430.0,
    125.0,
    125.0,
    120.0,
    80.0,
    210.0,
    35.0,
    45.0,
    85.0,
    65.0,
    105.0,
    120.0,
    105.0,
    125.0,
    65.0,
    110.0,
    35.0,
    105.0,
    170.0,
    135.0,
    155.0,
    85.0,
    45.0,
    180.0,
    135.0,
    185.0,
    110.0,
    120.0,
    40.0,
    135.0,
    155.0,
    155.0,
    105.0,
    75.0,
    45.0,
    110.0,
    75.0,
    155.0,
    290.0,
    205.0,
    285.0,
    75.0,
    125.0,
    110.0,
    180.0,
    125.0,
    170.0,
    10.0,
    85.0,
    365.0,
    150.0,
    105.0,
    120.0,
    180.0,
    160.0,
    355.0,
    335.0,
    120.0,
    125.0,
    75.0,
    105.0,
    50.0,
    110.0,
    210.0,
    170.0,
    105.0,
    110.0,
    210.0,
    365.0,
    110.0,
    50.0,
    105.0,
    30.0,
    65.0,
    245.0,
    120.0,
    105.0,
    165.0,
    455.0,
    115.0,
    110.0,
    110.0,
    85.0,
    155.0,
    105.0,
    110.0,
    235.0,
    50.0,
    125.0,
    55.0,
    155.0,
    120.0,
    235.0,
    80.0,
    135.0,
    35.0,
    110.0,
    215.0,
    155.0,
    180.0,
    225.0,
    155.0,
    110.0,
    180.0,
    350.0,
    60.0,
    180.0,
    490.0,
    45.0,
    155.0,
    210.0,
    155.0,
    420.0,
    225.0,
    155.0,
    210.0,
    210.0,
    135.0,
    200.0,
    360.0,
    50.0,
    135.0,
    135.0,
    125.0,
    245.0,
    155.0,
    235.0,
    155.0,
    270.0,
    45.0,
    650.0,
    180.0,
    120.0,
    150.0,
    400.0,
    410.0,
    210.0,
    210.0,
    335.0,
    225.0,
    210.0,
    220.0,
    210.0,
    360.0,
    180.0,
    155.0,
    195.0,
    180.0,
    210.0,
    300.0,
    155.0,
    210.0,
    410.0,
    240.0,
    285.0,
    105.0,
    300.0,
    210.0,
    165.0,
    135.0,
    180.0,
    160.0,
    295.0,
    260.0,
    440.0,
    210.0,
    210.0,
    100.0,
    180.0,
    275.0,
    110.0,
    240.0,
    225.0,
    190.0,
    490.0,
    215.0,
    245.0,
    260.0,
    365.0,
    275.0,
    670.0,
    210.0,
    180.0,
    410.0,
    490.0,
    160.0,
    180.0,
    180.0,
    180.0,
    150.0,
    235.0,
    285.0,
    210.0,
    210.0,
    265.0,
    300.0,
    295.0,
    245.0,
    260.0,
    210.0,
    210.0,
    155.0,
    470.0,
    240.0,
    225.0,
    595.0,
    215.0,
    255.0,
    125.0,
    240.0,
    180.0,
    220.0,
    290.0,
    210.0,
    230.0,
    210.0,
    210.0,
    125.0,
    355.0,
    260.0,
    240.0,
    275.0,
    210.0,
    455.0,
    245.0,
    320.0,
    505.0,
    210.0,
    320.0,
    215.0,
    210.0,
    155.0,
    210.0,
    225.0,
    240.0,
    225.0,
    260.0,
    210.0,
    210.0,
    460.0,
    410.0,
    245.0,
    415.0,
    210.0,
    275.0,
    280.0,
    215.0,
    400.0,
    240.0,
    215.0,
    135.0,
    225.0,
    335.0,
    265.0,
    270.0,
    285.0,
    225.0,
    270.0,
    240.0,
    215.0,
    155.0,
    260.0,
    1035.0,
    260.0,
    265.0,
    530.0,
    210.0,
    275.0,
    240.0,
    790.0,
    150.0,
    345.0,
    315.0,
    485.0,
    315.0,
    290.0,
    320.0,
    315.0,
    560.0,
    330.0,
    565.0,
    255.0,
    260.0,
    335.0,
    390.0,
    660.0,
    545.0,
    465.0,
    210.0,
    430.0,
    210.0,
    435.0,
    345.0,
    225.0,
    330.0,
    415.0,
    500.0,
    210.0,
    225.0,
    375.0,
    280.0,
    350.0,
    260.0,
    310.0,
    435.0,
    210.0,
    330.0,
    210.0,
    260.0,
    340.0,
    200.0,
    215.0,
    210.0,
    310.0,
    460.0,
    520.0,
    260.0,
    180.0,
    210.0,
    260.0,
    260.0,
    155.0,
    560.0,
    260.0,
    210.0,
    260.0,
    590.0,
    225.0,
    315.0,
    210.0,
    345.0,
    225.0,
    310.0,
    320.0,
    235.0,
    460.0,
    210.0,
    285.0,
    215.0,
    225.0,
    285.0,
    300.0,
    125.0,
    345.0,
    365.0,
    420.0,
    225.0,
    290.0,
    515.0,
    320.0,
    595.0,
    210.0,
    285.0,
    260.0,
    285.0,
    265.0,
    355.0,
    210.0,
    260.0,
    545.0,
    435.0,
    445.0,
    420.0,
    420.0,
    320.0,
    360.0,
    700.0,
    345.0,
    225.0,
    415.0,
    335.0,
    210.0,
    155.0,
    155.0,
    80.0,
    185.0,
    350.0,
    240.0,
    330.0,
    375.0,
    335.0,
    355.0,
    325.0,
    215.0,
    285.0,
    310.0,
    210.0,
    470.0,
    155.0,
    255.0,
    330.0,
    210.0,
    210.0,
    370.0,
    210.0,
    125.0,
    410.0,
    390.0,
    285.0,
    210.0,
    215.0,
    245.0,
    260.0,
    230.0,
    460.0,
    420.0,
    395.0,
    320.0,
    215.0,
    300.0,
    445.0,
    375.0,
    215.0,
    215.0,
    240.0,
    730.0,
    210.0,
    210.0,
    210.0,
    210.0,
    365.0,
    495.0,
    210.0,
    155.0,
    210.0,
    210.0,
    630.0,
    180.0,
    540.0,
    310.0,
    710.0,
    210.0,
    315.0,
    445.0,
    155.0,
    210.0,
    445.0,
    240.0,
    235.0,
    225.0,
    215.0,
    420.0,
    665.0,
    285.0,
    285.0,
    365.0,
    425.0,
    370.0,
    365.0,
    655.0,
    465.0,
    375.0,
    210.0,
    405.0,
    210.0,
    210.0,
    365.0,
    210.0,
    260.0,
    225.0,
    270.0,
    210.0,
    210.0,
    285.0,
    270.0,
    210.0,
    495.0,
    240.0,
    215.0,
    210.0,
    210.0,
    210.0,
    225.0,
    210.0,
    295.0,
    265.0,
    210.0,
    210.0,
    270.0,
    260.0,
    260.0,
    210.0,
    210.0,
    210.0,
    210.0,
    395.0,
    305.0,
    215.0
  ],