{
  "config": {
    "lr": 0.00025,
    "gamma": 0.99,
    "batch_size": 128,
    "eps_start": 0.9,
    "eps_end": 0.02,
    "eps_decay": 0.25,
    "policy": "MlpPolicy"
  },
  "mean_reward": 132.5,
  "std_reward": 61.573127255321374,
  "episode_rewards": [
    30.0,
    215.0,
    60.0,
    45.0,
    355.0,
    215.0,
    75.0,
    210.0,
    130.0,
    100.0,
    120.0,
    75.0,
    30.0,
    5.0,
    130.0,
    155.0,
    385.0,
    155.0,
    105.0,
    55.0,
    105.0,
    30.0,
    80.0,
    20.0,
    180.0,
    155.0,
    90.0,
    110.0,
    210.0,
    130.0,
    30.0,
    330.0,
    100.0,
    70.0,
    110.0,
    520.0,
    90.0,
    105.0,
    50.0,
    110.0,
    75.0,
    65.0,
    385.0,
    140.0,
    220.0,
    35.0,
    265.0,
    135.0,
    285.0,
    650.0,
    55.0,
    95.0,
    80.0,
    120.0,
    315.0,
    190.0,
    235.0,
    115.0,
    540.0,
    250.0,
    120.0,
    130.0,
    375.0,
    75.0,
    135.0,
    200.0,
    165.0,
    215.0,
    105.0,
    130.0,
    90.0,
    135.0,
    60.0,
    135.0,
    185.0,
    225.0,
    225.0,
    125.0,
    115.0,
    325.0,
    145.0,
    80.0,
    80.0,
    380.0,
    125.0,
    315.0,
    95.0,
    130.0,
    185.0,
    225.0,
    150.0,
    270.0,
    295.0,
    120.0,
    120.0,
    290.0,
    425.0,
    380.0,
    60.0,
    400.0,
    180.0,
    45.0,
    490.0,
    205.0,
    230.0,
    80.0,
    160.0,
    140.0,
    135.0,
    110.0,
    245.0,
    215.0,
    135.0,
    285.0,
    230.0,
    230.0,
    35.0,
    105.0,
    465.0,
    115.0,
    190.0,
    50.0,
    110.0,
    65.0,
    270.0,
    280.0,
    155.0,
    715.0,
    60.0,
    150.0,
    170.0,
    390.0,
    190.0,
    90.0,
    100.0,
    165.0,
    165.0,
    220.0,
    115.0,
    60.0,
    185.0,
    155.0,
    45.0,
    315.0,
    170.0,
    95.0,
    175.0,
    115.0,
    310.0,
    75.0,
    100.0,
    90.0,
    50.0,
    110.0,
    240.0,
    110.0,
    180.0,
    120.0,
    345.0,
    230.0,
    220.0,
    115.0,
    95.0,
    360.0,
    215.0,
    405.0,
    250.0,
    245.0,
    210.0,
    120.0,
    275.0,
    50.0,
    230.0,
    230.0,
    225.0,
    20.0,
    220.0,
    140.0,
    105.0,
    265.0,
    265.0,
    335.0,
    350.0,
    230.0,
    270.0,
    55.0,
    335.0,
    140.0,
    195.0,
    330.0,
    405.0,
    95.0,
    540.0,
    310.0,
    100.0,
    110.0,
    290.0,
    195.0,
    80.0,
    165.0,
    115.0,
    165.0,
    40.0,
    395.0,
    280.0,
    260.0,
    150.0,
    270.0,
    160.0,
    45.0,
    215.0,
    365.0,
    60.0,
    180.0,
    525.0,
    195.0,
    50.0,
    100.0,
    395.0,
    100.0,
    250.0,
    90.0,
    190.0,
    75.0,
    180.0,
    420.0,
    135.0,
    190.0,
    105.0,
    85.0,
    410.0,
    150.0,
    110.0,
    160.0,
    145.0,
    450.0,
    370.0,
    265.0,
    420.0,
    300.0,
    300.0,
    145.0,
    150.0,
    670.0,
    200.0,
    225.0,
    480.0,
    380.0,
    225.0,
    165.0,
    190.0,
    45.0,
    405.0,
    160.0,
    200.0,
    225.0,
    330.0,
    135.0,
    465.0,
    130.0,
    105.0,
    145.0,
    100.0,
    445.0,
    175.0,
    385.0,
    640.0,
    125.0,
    220.0,
    210.0,
    160.0,
    325.0,
    395.0,
    215.0,
    215.0,
    480.0,
    190.0,
    170.0,
    155.0,
    130.0,
    170.0,
    175.0,
    365.0,
    175.0,
    160.0,
    300.0,
    225.0,
    275.0,
    125.0,
    155.0,
    110.0,
    170.0,
    110.0,
    120.0,
    205.0,
    190.0,
    125.0,
    350.0,
    150.0,
    180.0,
    315.0,
    170.0,
    250.0,
    525.0,
    55.0,
    575.0,
    385.0,
    250.0,
    115.0,
    145.0,
    335.0,
    335.0,
    300.0,
    110.0,
    255.0,
    240.0,
    110.0,
    155.0,
    120.0,
    160.0,
    125.0,
    155.0,
    80.0,
    325.0,
    115.0,
    210.0,
    135.0,
    135.0,
    170.0,
    355.0,
    485.0,
    130.0,
    190.0,
    230.0,
    265.0,
    310.0,
    255.0,
    265.0,
    355.0,
    80.0,
    145.0,
    495.0,
    120.0,
    285.0,
    140.0,
    180.0,
    120.0,
    300.0,
    105.0,
    410.0,
    245.0,
    140.0,
    220.0,
    220.0,
    530.0,
    345.0,
    250.0,
    80.0,
    110.0,
    65.0,
    60.0,
    300.0,
    140.0,
    210.0,
    470.0,
    445.0,
    90.0,
    185.0,
    380.0,
    85.0,
    80.0,
    240.0,
    160.0,
    300.0,
    170.0,
    160.0,
    575.0,
    155.0,
    65.0,
    240.0,
    260.0,
    165.0,
    260.0,
    345.0,
    255.0,
    210.0,
    225.0,
    355.0,
    80.0,
    490.0,
    100.0,
    245.0,
    95.0,
    85.0,
    170.0,
    195.0,
    160.0,
    200.0,
    195.0,
    330.0,
    380.0,
    290.0,
    305.0,
    475.0,
    260.0,
    800.0,
    360.0,
    165.0,
    160.0,
    30.0,
    375.0,
    145.0,
    225.0,
    285.0,
    170.0,
    235.0,
    385.0,
    185.0,
    505.0,
    195.0,
    285.0,
    110.0,
    105.0,
    275.0,
    110.0,
    450.0,
    220.0,
    140.0,
    175.0,
    210.0,
    405.0,
    410.0,
    255.0,
    110.0,
    135.0,
    195.0,
    110.0,
    240.0,
    275.0,
    165.0,
    275.0,
    160.0,
    120.0,
    280.0,
    275.0,
    190.0,
    160.0,
    160.0,
    180.0,
    210.0,
    125.0,
    130.0,
    195.0,
    375.0,
    230.0,
    490.0,
    275.0,
    95.0,
    165.0,
    115.0,
    420.0,
    280.0,
    185.0,
    265.0,
    395.0,
    140.0,
    290.0,
    195.0,
    265.0,
    250.0,
    375.0,
    80.0,
    135.0,
    425.0,
    210.0,
    380.0,
    455.0,
    270.0,
    280.0,
    280.0,
    275.0,
    235.0,
    295.0,
    275.0,
    165.0,
    235.0,
    155.0,
    655.0,
    120.0,
    50.0
  ],